Account,Handle,Date,Network,Notes
Jess Palmer,@jesspalmerrrrr,2026-02-03,Unknown,445 photos
Lucy Monroe,@lucymonroee,2026-02-02,Unknown,36 photos
Sadie Blake,@sadieeblake,2026-02-01,erotiqa,527 photos / 32.9K likes
Maddie Harper,@maddieharperr,2026-01-31,Plush,API connected
Chloe Cavalli,@chloeecavalli,2026-01-30,Unknown,
Avianna Rose,@aviannaarose,2026-01-29,Plush,API connected
Zoe Monroe,@zoeemonroe,2026-01-27,Plush,API connected
Nova Leigh,@novaleighh,2026-01-26,erotiqa,
Zoe Price,@zoepriceee,2026-01-25,erotiqa,
Millie Hart,@milliexhart,2026-01-24,erotiqa,
erotiqa,@erotiqa,2026-01-31,Promo Account,307.6K fans - TAG (not mention)
