Date,Creator,Net,Type,Assignee,Assigned by,Status,Fan,Chat
"17 Feb, 2026 03:32 AM",madsabigail (id: 19323),20.00,Tip,JEFFCAGU (id: 67305),-,Complete,griffenswrld (id: 312480285),https://onlyfans.com/my/chats/chat/312480285
"17 Feb, 2026 03:27 AM",oliviabrookess (id: 18069),12.00,Tip,-,-,Complete,u339752898 (id: 339752898),https://onlyfans.com/my/chats/chat/339752898
"17 Feb, 2026 03:18 AM",thesarasky (id: 19431),32.00,Tip,John Hiro Rivera (id: 67377),-,Complete,u45418392 (id: 45418392),https://onlyfans.com/my/chats/chat/45418392
"17 Feb, 2026 03:07 AM",laceythomass (id: 19383),4.00,Tip,Michael  Sabal (id: 67328),-,Complete,fabio413570 (id: 525730404),https://onlyfans.com/my/chats/chat/525730404
"17 Feb, 2026 03:04 AM",tyybabyy (id: 19437),8.00,Tip,Maricon Cruz (id: 63874),-,Complete,u550664246 (id: 550664246),https://onlyfans.com/my/chats/chat/550664246
"17 Feb, 2026 02:55 AM",thesarasky (id: 19431),24.00,Tip,John Hiro Rivera (id: 67377),-,Complete,u45418392 (id: 45418392),https://onlyfans.com/my/chats/chat/45418392
"17 Feb, 2026 02:48 AM",thesarasky (id: 19431),8.00,Tip,-,-,Complete,u45418392 (id: 45418392),https://onlyfans.com/my/chats/chat/45418392
"17 Feb, 2026 02:47 AM",kaitlynxbeckham (id: 31532),7.99,Message,-,-,Complete,u98387 (id: 98387),https://onlyfans.com/my/chats/chat/98387?firstId=8589643387009
"17 Feb, 2026 02:43 AM",bellasageee (id: 54001),15.12,Message,SHEEMALI (id: 69702),-,Complete,u540388961 (id: 540388961),https://onlyfans.com/my/chats/chat/540388961?firstId=8589603672287
"17 Feb, 2026 02:42 AM",lindamarievip (id: 19417),7.99,Message,-,-,Complete,u170653531 (id: 170653531),https://onlyfans.com/my/chats/chat/170653531?firstId=8589541042905
"17 Feb, 2026 02:39 AM",itsyagirldeemarie (id: 19444),159.92,Message,Bryar Rose Matito (id: 67336),-,Complete,u25747668 (id: 25747668),https://onlyfans.com/my/chats/chat/25747668?firstId=8589550995708
"17 Feb, 2026 02:36 AM",chloecookk (id: 50473),7.99,Message,-,-,Complete,u170653531 (id: 170653531),https://onlyfans.com/my/chats/chat/170653531?firstId=8589336345976
"17 Feb, 2026 02:35 AM",lilyyymonroee (id: 27167),80.72,Message,Pierce Hesarza (id: 67346),-,Complete,u345765480 (id: 345765480),https://onlyfans.com/my/chats/chat/345765480?firstId=8532208912688
"17 Feb, 2026 02:34 AM",tyybabyy (id: 19437),8.00,Tip,Maricon Cruz (id: 63874),-,Complete,fabio413570 (id: 525730404),https://onlyfans.com/my/chats/chat/525730404
"17 Feb, 2026 02:34 AM",crybaby_pixie (id: 45244),7.99,Message,-,-,Complete,xlreapslx (id: 28807472),https://onlyfans.com/my/chats/chat/28807472?firstId=8564266925663
"17 Feb, 2026 02:34 AM",novaleighh (id: 50981),15.99,Message,-,-,Complete,u19911985 (id: 19911985),https://onlyfans.com/my/chats/chat/19911985?firstId=8541090381605
"17 Feb, 2026 02:32 AM",lalialovesyou (id: 19386),11.99,Message,-,-,Complete,chiguy6216 (id: 480245591),https://onlyfans.com/my/chats/chat/480245591?firstId=8341812942086
"17 Feb, 2026 02:32 AM",ttmarieee (id: 42829),12.72,Message,HAVEABEN (id: 110700),-,Complete,u539023006 (id: 539023006),https://onlyfans.com/my/chats/chat/539023006?firstId=8589512140134
"17 Feb, 2026 02:32 AM",crybaby_pixie (id: 45244),23.99,Message,-,-,Complete,u536151811 (id: 536151811),https://onlyfans.com/my/chats/chat/536151811?firstId=8586926427536
"17 Feb, 2026 02:31 AM",chloecookk (id: 50473),24.68,Message,Narciso Guevarra Jr. (id: 43685),-,Complete,jakefromstatefarm2 (id: 40209778),https://onlyfans.com/my/chats/chat/40209778?firstId=8589439600837